State,Year,Return_Period,Return_Level,Standard_Error,CI_Lower,CI_Upper
Maharashtra,2025,5,447.9500231,13.96055034,420.5878473,475.312199
Maharashtra,2025,10,493.1962946,16.04688949,461.7449692,524.6476201
Meghalaya,2025,50,2206.211595,459.5253842,1305.558392,3106.864799
Meghalaya,2025,100,2792.632911,678.4964804,1462.804246,4122.461576
Maharashtra,2026,5,448.6901945,14.06016656,421.1327744,476.2476146
Maharashtra,2026,10,493.936466,16.13449188,462.313443,525.559489
Maharashtra,2026,50,593.5163197,21.78590727,550.816726,636.2159133
Meghalaya,2026,100,2846.699887,695.5467938,1483.453222,4209.946553
Maharashtra,2027,5,449.4303659,14.1605876,421.6761242,477.1846076
Maharashtra,2027,10,494.6766373,16.22293544,462.8802681,526.4730065
Maharashtra,2027,50,594.256491,21.85296829,551.4254602,637.0875218
Maharashtra,2027,100,636.3544041,24.48546267,588.3637791,684.3450291
Maharashtra,2028,5,450.1705372,14.26179647,422.2179298,478.1231446
Maharashtra,2028,10,495.4168087,16.31220647,463.4454715,527.3881459
Maharashtra,2028,50,594.9966624,21.92079675,552.0326902,637.9606345
Meghalaya,2028,100,2958.179031,731.0791143,1525.290297,4391.067765
Kerala,2025,5,300.8281,NA,284.6568,316.9993
Kerala,2025,10,338.4337,NA,317.5646,359.3028
Gujarat,2025,50,651.013238,28.20798565,595.7266021,706.299874
Gujarat,2025,100,705.5142305,31.43488036,643.9029971,767.1254638
Kerala,2026,5,300.8281,NA,284.6568,316.9993
Kerala,2026,10,338.4337,NA,317.5646,359.3028
Kerala,2026,50,421.1978,NA,389.239,453.1565
Gujarat,2026,100,706.3153281,31.52984418,644.5179691,768.1126872
Kerala,2027,5,300.8281,NA,284.6568,316.9993
Kerala,2027,10,338.4337,NA,317.5646,359.3028
Kerala,2027,50,421.1978,NA,389.239,453.1565
Kerala,2027,100,456.1867,NA,419.4045,492.9689
Kerala,2028,5,300.8281,NA,284.6568,316.9993
Kerala,2028,10,338.4337,NA,317.5646,359.3028
Kerala,2028,50,421.1978,NA,389.239,453.1565
Gujarat,2028,100,707.9175235,31.72296856,645.7416476,770.0933993
Uttar Pradesh,2025,50,607.2570765,NA,494.3697116,720.1444414
Uttar Pradesh,2025,100,698.9623755,NA,533.3159437,864.6088074
Uttar Pradesh,2026,100,698.9623755,NA,533.3159437,864.6088074
Uttar Pradesh,2028,100,698.9623755,NA,533.3159437,864.6088074
Karnataka,2025,5,346.8856125,11.18229593,324.9687152,368.8025098
Karnataka,2025,10,383.2736406,12.85139977,358.0853599,408.4619213
West Bengal,2025,50,602.6448462,47.75196512,509.0527144,696.2369781
West Bengal,2025,100,678.1462444,67.72300168,545.4116002,810.8808886
Karnataka,2026,5,347.412593,11.26195732,325.3395622,369.4856237
Karnataka,2026,10,383.800621,12.92143526,358.4750733,409.1261688
Karnataka,2026,50,463.8848885,17.44457203,429.6941556,498.0756214
West Bengal,2026,100,678.5404155,67.7248186,545.8022102,811.2786208
Karnataka,2027,5,347.9395734,11.3422652,325.7091421,370.1700047
Karnataka,2027,10,384.3276015,12.99214605,358.8634631,409.7917398
Karnataka,2027,50,464.411869,17.49814575,430.1161335,498.7076044
Karnataka,2027,100,498.2679192,19.60553188,459.8417829,536.6940556
Karnataka,2028,5,348.4665539,11.42320594,326.0774816,370.8556261
Karnataka,2028,10,384.8545819,13.06352118,359.2505509,410.4586129
Karnataka,2028,50,464.9388494,17.55233525,430.5369045,499.3407944
West Bengal,2028,100,679.3287578,67.72951362,546.5813504,812.0761651
Tamil Nadu,2025,5,333.5731,NA,311.3415,355.8047
Tamil Nadu,2025,10,385.5089,NA,356.853,414.1649
Maharashtra,2025,50,592.7761483,21.7196208,550.2064738,635.3458228
Maharashtra,2025,100,634.8740614,24.36538303,587.1187882,682.6293346
Tamil Nadu,2026,5,333.5731,NA,311.3415,355.8047
Tamil Nadu,2026,10,385.5089,NA,356.853,414.1649
Tamil Nadu,2026,50,499.8115,NA,455.979,543.6441
Maharashtra,2026,100,635.6142327,24.42506021,587.7419944,683.4864711
Tamil Nadu,2027,5,333.5731,NA,311.3415,355.8047
Tamil Nadu,2027,10,385.5089,NA,356.853,414.1649
Tamil Nadu,2027,50,499.8115,NA,455.979,543.6441
Tamil Nadu,2027,100,548.1336,NA,497.6976,598.5696
Tamil Nadu,2028,5,333.5731,NA,311.3415,355.8047
Tamil Nadu,2028,10,385.5089,NA,356.853,414.1649
Tamil Nadu,2028,50,499.8115,NA,455.979,543.6441
Maharashtra,2028,100,637.0945754,24.54658505,588.9841528,685.2049981
Andhra Pradesh,2025,5,326.6732,NA,306.4837,346.8627
Andhra Pradesh,2025,10,373.4138,NA,347.3219,399.5057
Madhya Pradesh,2025,50,562.5858835,40.10242047,483.9865837,641.1851834
Madhya Pradesh,2025,100,627.1173503,56.63680222,516.1112577,738.1234428
Andhra Pradesh,2026,5,326.6732,NA,306.4837,346.8627
Andhra Pradesh,2026,10,373.4138,NA,347.3219,399.5057
Andhra Pradesh,2026,50,476.2826,NA,436.2671,516.298
Assam,2026,100,627.4908918,84.47432535,461.9242565,793.0575271
Andhra Pradesh,2027,5,326.6732,NA,306.4837,346.8627
Andhra Pradesh,2027,10,373.4138,NA,347.3219,399.5057
Andhra Pradesh,2027,50,476.2826,NA,436.2671,516.298
Andhra Pradesh,2027,100,519.7709,NA,473.7015,565.8402
Andhra Pradesh,2028,5,326.6732,NA,306.4837,346.8627
Andhra Pradesh,2028,10,373.4138,NA,347.3219,399.5057
Andhra Pradesh,2028,50,476.2826,NA,436.2671,516.298
Assam,2028,100,628.4009087,84.44512187,462.8915112,793.9103063
Odisha,2025,5,394.2981073,15.18494781,364.5361564,424.0600581
Odisha,2025,10,442.791751,17.54157706,408.4108918,477.1726103
Odisha,2025,50,549.5185551,23.8741058,502.7261676,596.3109427
Assam,2025,100,627.0358833,84.48920896,461.4400767,792.6316899
Odisha,2026,5,394.9804276,15.29050527,365.0115879,424.9492672
Odisha,2026,10,443.4740713,17.63481159,408.9104757,478.0376669
Odisha,2026,50,550.2008754,23.94573585,503.2680956,597.1336553
Madhya Pradesh,2026,100,627.4550639,56.63600927,516.4505255,738.4596023
Odisha,2027,5,395.6627478,15.39688841,365.4854011,425.8400946
Odisha,2027,10,444.1563916,17.72890136,409.4083835,478.9043998
Odisha,2027,50,550.8831957,24.01814548,503.8084956,597.9578958
Odisha,2027,100,596.0025201,26.94023292,543.2006338,648.8044064
Odisha,2028,5,396.3450681,15.50408022,365.9576293,426.732507
Odisha,2028,10,444.8387119,17.82383283,409.9046415,479.7727823
Odisha,2028,50,551.565516,24.09132768,504.3473814,598.7836506
Madhya Pradesh,2028,100,628.130491,56.63524556,517.1274495,739.1335326
Chhattisgarh,2025,5,308.4919847,11.50120477,285.9500376,331.0339319
Chhattisgarh,2025,10,345.0300846,13.09205462,319.3701291,370.6900402
Assam,2025,50,539.415764,55.73893218,430.1694644,648.6620636
Odisha,2025,100,594.6378795,26.80955576,542.0921158,647.1836432
Chhattisgarh,2026,5,308.7565161,11.59062597,286.0393066,331.4737255
Chhattisgarh,2026,10,345.294616,13.17069248,319.4805331,371.1086989
Chhattisgarh,2026,50,425.7091678,17.56865338,391.2752399,460.1430957
Odisha,2026,100,595.3201998,26.87452995,542.647089,647.9933106
Chhattisgarh,2027,5,309.0210474,11.68075194,286.1271943,331.9149006
Chhattisgarh,2027,10,345.5591473,13.2500884,319.5894513,371.5288434
Chhattisgarh,2027,50,425.9736991,17.62827528,391.4229145,460.5244838
Chhattisgarh,2027,100,459.9693789,19.69971102,421.3586548,498.580103
Chhattisgarh,2028,5,309.2855788,11.7715665,286.2137324,332.3574252
Chhattisgarh,2028,10,345.8236787,13.33022886,319.6969102,371.9504471
Chhattisgarh,2028,50,426.2382305,17.68861366,391.5691848,460.9072762
Odisha,2028,100,596.6848404,27.00665935,543.7527607,649.6169201
Madhya Pradesh,2025,5,381.7057515,13.23045468,355.7745368,407.6369662
Madhya Pradesh,2026,5,382.0434651,13.30825289,355.9597687,408.1271614
Madhya Pradesh,2027,5,382.3811787,13.38675851,356.1436141,408.6187432
Madhya Pradesh,2028,5,382.7188922,13.46595915,356.3260973,409.1116872
Madhya Pradesh,2025,10,432.0673454,17.46859029,397.8295375,466.3051532
Madhya Pradesh,2026,10,432.4050589,17.52126795,398.0640048,466.7461131
Madhya Pradesh,2027,10,432.7427725,17.57467093,398.2970505,467.1884946
Madhya Pradesh,2028,10,433.0804861,17.62879266,398.5286874,467.6322848
Rajasthan,2025,50,510.5776433,22.36731976,466.7385021,554.4167844
Madhya Pradesh,2026,50,562.9235971,40.11139843,484.3067008,641.5404934
Madhya Pradesh,2027,50,563.2613107,40.12076127,484.6260636,641.8965578
Madhya Pradesh,2028,50,563.5990243,40.13050872,484.9446725,642.2533761
Tripura,2025,100,580.1930517,99.01352138,386.1301158,774.2559876
Tripura,2026,100,580.6005876,99.00890576,386.5466981,774.654477
Madhya Pradesh,2027,100,627.7927774,56.63549038,516.789256,738.7962988
Tripura,2028,100,581.4156594,98.99987669,387.3794666,775.4518521
Rajasthan,2025,5,357.3798477,14.6632591,328.6403879,386.1193074
Rajasthan,2025,10,405.2415787,16.71441813,372.4819211,438.0012363
Tamil Nadu,2025,50,499.8115,NA,455.979,543.6441
Telangana,2025,100,577.0983677,78.39290216,423.4511028,730.7456325
Rajasthan,2026,5,357.7858661,14.77228043,328.8327285,386.7390037
Rajasthan,2026,10,405.6475971,16.81024963,372.7001133,438.595081
Rajasthan,2026,50,510.9836617,22.43920924,467.0036197,554.9637037
Telangana,2026,100,577.6620774,78.3896404,424.0212054,731.3029493
Rajasthan,2027,5,358.1918845,14.88219257,329.0233231,387.360446
Rajasthan,2027,10,406.0536156,16.90702506,372.9164554,439.1907758
Rajasthan,2027,50,511.3896801,22.51198601,467.2669983,555.5123619
Rajasthan,2027,100,555.921062,25.1541402,506.6198531,605.2222708
Rajasthan,2028,5,358.597903,14.99297594,329.2122101,387.9835958
Rajasthan,2028,10,406.459634,17.00472832,373.1309789,439.7882891
Rajasthan,2028,50,511.7956986,22.5856415,467.5286547,556.0627425
Telangana,2028,100,578.7894969,78.38343206,425.160793,732.4182007
Punjab,2025,5,221.9989,NA,205.0068,238.9909
Punjab,2025,10,265.2393,NA,237.3663,293.1123
Telangana,2025,50,497.8802911,51.8515934,396.2530355,599.5075467
Rajasthan,2025,100,555.1090251,25.02460816,506.0616944,604.1563558
Punjab,2026,5,221.9989,NA,205.0068,238.9909
Punjab,2026,10,265.2393,NA,237.3663,293.1123
Punjab,2026,50,388.7489,NA,308.3508,469.147
Rajasthan,2026,100,555.5150435,25.08895671,506.341592,604.6884951
Punjab,2027,5,221.9989,NA,205.0068,238.9909
Punjab,2027,10,265.2393,NA,237.3663,293.1123
Punjab,2027,50,388.7489,NA,308.3508,469.147
Punjab,2027,100,455.5765,NA,336.1226,575.0305
Punjab,2028,5,221.9989,NA,205.0068,238.9909
Punjab,2028,10,265.2393,NA,237.3663,293.1123
Punjab,2028,50,388.7489,NA,308.3508,469.147
Rajasthan,2028,100,556.3270804,25.22015214,506.8964905,605.7576703
Himachal Pradesh,2025,5,277.0030555,11.49933625,254.4647706,299.5413404
Himachal Pradesh,2025,10,313.1534919,13.17899073,287.3231447,338.9838391
Bihar,2025,50,483.0433469,20.20490721,443.4424564,522.6442373
Tamil Nadu,2025,100,548.1336,NA,497.6976,598.5696
Himachal Pradesh,2026,5,277.263416,11.583317,254.5605319,299.9663001
Himachal Pradesh,2026,10,313.4138524,13.25467777,287.4351613,339.3925434
Himachal Pradesh,2026,50,392.9752184,17.72853088,358.2279364,427.7225005
Tamil Nadu,2026,100,548.1336,NA,497.6976,598.5696
Himachal Pradesh,2027,5,277.5237765,11.66787629,254.6551592,300.3923938
Himachal Pradesh,2027,10,313.6742129,13.3309705,287.5459908,339.8024349
Himachal Pradesh,2027,50,393.2355789,17.78970191,358.3684039,428.1027539
Himachal Pradesh,2027,100,426.8705698,19.85996757,387.9457486,465.7953909
Himachal Pradesh,2028,5,277.7841369,11.75300164,254.748677,300.8195968
Himachal Pradesh,2028,10,313.9345733,13.40785861,287.6556533,340.2134933
Himachal Pradesh,2028,50,393.4959394,17.85143655,358.5077667,428.4841121
Tamil Nadu,2028,100,548.1336,NA,497.6976,598.5696
Jammu Kashmir,2025,5,200.2848,NA,185.4766,215.0931
Jammu Kashmir,2025,10,237.308,NA,213.4427,261.1734
Tripura,2025,50,482.0854999,63.28857187,358.0421784,606.1288214
Bihar,2025,100,521.5652986,22.59396416,477.2819426,565.8486546
Jammu Kashmir,2026,5,200.2848,NA,185.4766,215.0931
Jammu Kashmir,2026,10,237.308,NA,213.4427,261.1734
Jammu Kashmir,2026,50,338.523,NA,270.5142,406.5317
Bihar,2026,100,522.0797774,22.65610394,477.6746297,566.4849252
Jammu Kashmir,2027,5,200.2848,NA,185.4766,215.0931
Jammu Kashmir,2027,10,237.308,NA,213.4427,261.1734
Jammu Kashmir,2027,50,338.523,NA,270.5142,406.5317
Jammu Kashmir,2027,100,391.1206,NA,290.9004,491.3408
Jammu Kashmir,2028,5,200.2848,NA,185.4766,215.0931
Jammu Kashmir,2028,10,237.308,NA,213.4427,261.1734
Jammu Kashmir,2028,50,338.523,NA,270.5142,406.5317
Bihar,2028,100,523.1087351,22.78277084,478.4553248,567.7621454
Ladakh,2025,5,188.3164,NA,168.027,208.6058
Ladakh,2025,10,240.9179,NA,205.7344,276.1013
Andhra Pradesh,2025,50,476.2826,NA,436.2671,516.298
Andhra Pradesh,2025,100,519.7709,NA,473.7015,565.8402
Ladakh,2026,5,188.3164,NA,168.027,208.6058
Ladakh,2026,10,240.9179,NA,205.7344,276.1013
Ladakh,2026,50,402.9838,NA,290.2254,515.7421
Andhra Pradesh,2026,100,519.7709,NA,473.7015,565.8402
Ladakh,2027,5,188.3164,NA,168.027,208.6058
Ladakh,2027,10,240.9179,NA,205.7344,276.1013
Ladakh,2027,50,402.9838,NA,290.2254,515.7421
Ladakh,2027,100,496.9088,NA,322.8381,670.9795
Ladakh,2028,5,188.3164,NA,168.027,208.6058
Ladakh,2028,10,240.9179,NA,205.7344,276.1013
Ladakh,2028,50,402.9838,NA,290.2254,515.7421
Andhra Pradesh,2028,100,519.7709,NA,473.7015,565.8402
Uttarakhand,2025,5,261.0869,NA,245.501,276.6728
Uttarakhand,2025,10,297.6968,NA,277.6523,317.7414
Karnataka,2025,50,463.3579081,17.39161979,429.2709597,497.4448565
Karnataka,2025,100,497.2139583,19.50964042,458.9757658,535.4521509
Uttarakhand,2026,5,261.0869,NA,245.501,276.6728
Uttarakhand,2026,10,297.6968,NA,277.6523,317.7414
Uttarakhand,2026,50,378.2696,NA,347.6837,408.8555
Karnataka,2026,100,497.7409388,19.55729522,459.4093445,536.0725331
Uttarakhand,2027,5,261.0869,NA,245.501,276.6728
Uttarakhand,2027,10,297.6968,NA,277.6523,317.7414
Uttarakhand,2027,50,378.2696,NA,347.6837,408.8555
Uttarakhand,2027,100,412.3321,NA,377.1575,447.5068
Uttarakhand,2028,5,261.0869,NA,245.501,276.6728
Uttarakhand,2028,10,297.6968,NA,277.6523,317.7414
Uttarakhand,2028,50,378.2696,NA,347.6837,408.8555
Karnataka,2028,100,498.7948997,19.65434612,460.2730892,537.3167102
Chandigarh,2025,5,112.6641738,7.34109,98.27590178,127.0524458
Chandigarh,2025,10,135.6180417,8.291527766,119.366946,151.8691375
Dadra and Nagar Haveli and Daman and Diu,2025,50,438.1332627,12.32259723,413.981416,462.2851095
Ladakh,2025,100,496.9088,NA,322.8381,670.9795
Chandigarh,2026,5,112.4030929,7.401667604,97.89609093,126.9100948
Chandigarh,2026,10,135.3569608,8.344966679,119.0011267,151.712795
Chandigarh,2026,50,185.8747767,11.01054784,164.2944995,207.455054
Ladakh,2026,100,496.9088,NA,322.8381,670.9795
Chandigarh,2027,5,112.1420119,7.462708149,97.51537273,126.7686511
Chandigarh,2027,10,135.0958799,8.398913842,118.6343113,151.5574485
Chandigarh,2027,50,185.6136958,11.05106588,163.9540047,207.2733869
Chandigarh,2027,100,206.9703713,12.31700518,182.8294848,231.1112579
Chandigarh,2028,5,111.880931,7.524200369,97.13376927,126.6280927
Chandigarh,2028,10,134.834799,8.453359525,118.2665187,151.4030792
Chandigarh,2028,50,185.3526149,11.0920782,163.6125411,207.0926887
Ladakh,2028,100,496.9088,NA,322.8381,670.9795
Haryana,2025,5,223.6595,NA,210.5982,236.7209
Haryana,2025,10,254.3176,NA,237.5344,271.1008
Chhattisgarh,2025,50,425.4446364,17.50975529,391.1261467,459.7631262
Dadra and Nagar Haveli and Daman and Diu,2025,100,479.5269311,12.5335269,454.9616698,504.0921924
Haryana,2026,5,223.6595,NA,210.5982,236.7209
Haryana,2026,10,254.3176,NA,237.5344,271.1008
Haryana,2026,50,321.7913,NA,296.2107,347.3718
Dadra and Nagar Haveli and Daman and Diu,2026,100,480.0275385,12.67240825,455.1900747,504.8650022
Haryana,2027,5,223.6595,NA,210.5982,236.7209
Haryana,2027,10,254.3176,NA,237.5344,271.1008
Haryana,2027,50,321.7913,NA,296.2107,347.3718
Haryana,2027,100,350.3161,NA,320.9061,379.7261
Haryana,2028,5,223.6595,NA,210.5982,236.7209
Haryana,2028,10,254.3176,NA,237.5344,271.1008
Haryana,2028,50,321.7913,NA,296.2107,347.3718
Dadra and Nagar Haveli and Daman and Diu,2028,100,481.0287532,12.9521643,455.6429776,506.4145287
Delhi,2025,5,118.2748,NA,109.0789,127.4706
Delhi,2025,10,139.8125,NA,127.9925,151.6326
Jharkhand,2025,50,423.4452662,18.69235733,386.808919,460.0816133
Mizoram,2025,100,476.757406,75.56431047,328.654079,624.8607331
Delhi,2026,5,118.2748,NA,109.0789,127.4706
Delhi,2026,10,139.8125,NA,127.9925,151.6326
Delhi,2026,50,187.2138,NA,169.1931,205.2346
Mizoram,2026,100,476.9570221,75.55217428,328.8774815,625.0365626
Delhi,2027,5,118.2748,NA,109.0789,127.4706
Delhi,2027,10,139.8125,NA,127.9925,151.6326
Delhi,2027,50,187.2138,NA,169.1931,205.2346
Delhi,2027,100,207.2529,NA,186.5335,227.9724
Delhi,2028,5,118.2748,NA,109.0789,127.4706
Delhi,2028,10,139.8125,NA,127.9925,151.6326
Delhi,2028,50,187.2138,NA,169.1931,205.2346
Mizoram,2028,100,477.3562541,75.52810319,329.323892,625.3886162
Uttar Pradesh,2025,5,369.4418425,NA,344.3678563,394.5158288
Uttar Pradesh,2025,10,432.6111199,NA,392.239191,472.9830488
Kerala,2025,50,421.1978,NA,389.239,453.1565
Chhattisgarh,2025,100,459.4403162,19.5937072,421.0373557,497.8432766
Uttar Pradesh,2026,5,369.4418425,NA,344.3678563,394.5158288
Uttar Pradesh,2026,10,432.6111199,NA,392.239191,472.9830488
Uttar Pradesh,2026,50,607.2570765,NA,494.3697116,720.1444414
Chhattisgarh,2026,100,459.7048475,19.6463676,421.1986746,498.2110204
Uttar Pradesh,2027,5,369.4418425,NA,344.3678563,394.5158288
Uttar Pradesh,2027,10,432.6111199,NA,392.239191,472.9830488
Uttar Pradesh,2027,50,607.2570765,NA,494.3697116,720.1444414
Uttar Pradesh,2027,100,698.9623755,NA,533.3159437,864.6088074
Uttar Pradesh,2028,5,369.4418425,NA,344.3678563,394.5158288
Uttar Pradesh,2028,10,432.6111199,NA,392.239191,472.9830488
Uttar Pradesh,2028,50,607.2570765,NA,494.3697116,720.1444414
Chhattisgarh,2028,100,460.2339102,19.75373192,421.5173071,498.9505133
Bihar,2025,5,350.5193192,13.32108799,324.4104665,376.6281719
Bihar,2025,10,391.9221954,15.1432135,362.2420423,421.6023485
Arunachal Pradesh,2025,50,405.5097493,NA,371.6753262,439.3441724
Jharkhand,2025,100,458.0814683,20.91341269,417.0919327,499.071004
Bihar,2026,5,351.033798,13.42610919,324.7191076,377.3484885
Bihar,2026,10,392.4366742,15.23570108,362.5752489,422.2980996
Bihar,2026,50,483.5578257,20.27435462,443.8208209,523.2948306
Jharkhand,2026,100,458.4600139,20.97226109,417.3551375,499.5648903
Bihar,2027,5,351.5482769,13.53194043,325.026161,378.0703927
Bihar,2027,10,392.9511531,15.32906522,362.9067373,422.9955688
Bihar,2027,50,484.0723046,20.34464589,444.1975314,523.9470778
Bihar,2027,100,522.5942563,22.71904171,478.0657528,567.1227598
Bihar,2028,5,352.0627557,13.63856284,325.3316637,378.7938477
Bihar,2028,10,393.4656319,15.42329,363.236539,423.6947249
Bihar,2028,50,484.5867834,20.41577229,444.572605,524.6009618
Jharkhand,2028,100,459.2171049,21.09199195,417.8775604,500.5566495
Jharkhand,2025,5,304.2890756,12.22121697,280.3359305,328.2422207
Jharkhand,2025,10,341.5156005,13.95246422,314.1692731,368.8619278
Ladakh,2025,50,402.9838,NA,290.2254,515.7421
Kerala,2025,100,456.1867,NA,419.4045,492.9689
Jharkhand,2026,5,304.6676212,12.31660589,280.5275172,328.8077251
Jharkhand,2026,10,341.894146,14.03711678,314.3819027,369.4063893
Jharkhand,2026,50,423.8238117,18.75740853,387.0599666,460.5876569
Kerala,2026,100,456.1867,NA,419.4045,492.9689
Jharkhand,2027,5,305.0461667,12.41269285,280.7177358,329.3745976
Jharkhand,2027,10,342.2726915,14.12251972,314.5930615,369.9523216
Jharkhand,2027,50,424.2023572,18.82317861,387.3096051,461.0951094
Jharkhand,2027,100,458.8385594,21.03178943,417.6170096,500.0601092
Jharkhand,2028,5,305.4247122,12.50946174,280.9066178,329.9428067
Jharkhand,2028,10,342.6512371,14.20865953,314.8027761,370.499698
Jharkhand,2028,50,424.5809028,18.88966007,387.5578494,461.6039562
Kerala,2028,100,456.1867,NA,419.4045,492.9689
West Bengal,2025,5,392.1967495,15.74260525,361.3418102,423.0516888
West Bengal,2026,5,392.5909206,15.84316753,361.5388828,423.6429583
West Bengal,2027,5,392.9850917,15.94459835,361.7342532,424.2359302
West Bengal,2028,5,393.3792628,16.04688125,361.9279535,424.8305722
West Bengal,2025,10,450.5964836,20.67075632,410.0825457,491.1104216
West Bengal,2026,10,450.9906548,20.74025667,410.3404987,491.6408109
West Bengal,2027,10,451.3848259,20.8106763,410.5966498,492.1730019
West Bengal,2028,10,451.778997,20.88200593,410.8510175,492.7069766
Mizoram,2025,50,397.2549744,48.98146097,301.253075,493.2568738
West Bengal,2026,50,603.0390173,47.76612347,509.4191357,696.658899
West Bengal,2027,50,603.4331885,47.7807791,509.7845823,697.0817947
West Bengal,2028,50,603.8273596,47.79593155,510.1490552,697.5056641
Punjab,2025,100,455.5765,NA,336.1226,575.0305
Punjab,2026,100,455.5765,NA,336.1226,575.0305
West Bengal,2027,100,678.9345866,67.72698926,546.1921269,811.6770464
Punjab,2028,100,455.5765,NA,336.1226,575.0305
Sikkim,2025,5,223.5800928,9.900737836,204.1750032,242.9851824
Sikkim,2025,10,253.678355,11.25488729,231.6191812,275.7375287
Himachal Pradesh,2025,50,392.714858,17.66792932,358.0863528,427.3433631
Arunachal Pradesh,2025,100,443.0874121,NA,404.1687015,482.0061226
Sikkim,2026,5,223.9229236,9.979800343,204.3628743,243.4829728
Sikkim,2026,10,254.0211857,11.32590124,231.8228272,276.2195442
Sikkim,2026,50,320.262678,15.00450352,290.8543915,349.6709645
Arunachal Pradesh,2026,100,443.0874121,NA,404.1687015,482.0061226
Sikkim,2027,5,224.2657543,10.05939962,204.5496933,243.9818152
Sikkim,2027,10,254.3640164,11.39749492,232.0253369,276.702696
Sikkim,2027,50,320.6055087,15.06106533,291.0863631,350.1246543
Sikkim,2027,100,348.609452,16.78146856,315.7183781,381.500526
Sikkim,2028,5,224.608585,10.13952301,204.7354851,244.4816849
Sikkim,2028,10,254.7068472,11.46965747,232.2267316,277.1869627
Sikkim,2028,50,320.9483394,15.11818614,291.3172391,350.5794398
Arunachal Pradesh,2028,100,443.0874121,NA,404.1687015,482.0061226
Arunachal Pradesh,2025,5,276.2342842,NA,259.0231683,293.4454002
Arunachal Pradesh,2025,10,316.6222514,NA,294.4691959,338.7753068
Himachal Pradesh,2025,100,426.3498488,19.74781429,387.6448441,465.0548536
Arunachal Pradesh,2026,5,276.2342842,NA,259.0231683,293.4454002
Arunachal Pradesh,2026,10,316.6222514,NA,294.4691959,338.7753068
Arunachal Pradesh,2026,50,405.5097493,NA,371.6753262,439.3441724
Himachal Pradesh,2026,100,426.6102093,19.80362183,387.7958238,465.4245949
Arunachal Pradesh,2027,5,276.2342842,NA,259.0231683,293.4454002
Arunachal Pradesh,2027,10,316.6222514,NA,294.4691959,338.7753068
Arunachal Pradesh,2027,50,405.5097493,NA,371.6753262,439.3441724
Arunachal Pradesh,2027,100,443.0874121,NA,404.1687015,482.0061226
Arunachal Pradesh,2028,5,276.2342842,NA,259.0231683,293.4454002
Arunachal Pradesh,2028,10,316.6222514,NA,294.4691959,338.7753068
Arunachal Pradesh,2028,50,405.5097493,NA,371.6753262,439.3441724
Himachal Pradesh,2028,100,427.1309302,19.91684694,388.0946276,466.1672329
Assam,2025,5,324.3658134,13.94408153,297.0359158,351.695711
Assam,2026,5,324.8208219,14.02148919,297.3392081,352.3024357
Assam,2027,5,325.2758304,14.09961305,297.6410966,352.9105641
Assam,2028,5,325.7308388,14.17844128,297.9416046,353.5200731
Assam,2025,10,379.5508666,19.69207008,340.9551185,418.1466148
Assam,2026,10,380.0058751,19.73627148,341.3234938,418.6882564
Assam,2027,10,380.4608836,19.78118752,341.6904685,419.2312987
Assam,2028,10,380.9158921,19.82681333,342.056052,419.7757321
Assam,2026,50,539.8707724,55.73324177,430.6356258,649.105919
Assam,2027,50,540.3257809,55.72783949,431.1012226,649.5503393
Assam,2028,50,540.7807894,55.72272545,431.5662544,649.9953244
Assam,2027,100,627.9459003,84.45962962,462.4080681,793.4837325
Meghalaya,2025,5,806.4050022,100.0392421,610.3316906,1002.478314
Meghalaya,2026,5,818.8717181,103.2092726,616.585261,1021.158175
Meghalaya,2027,5,831.5744765,106.4803101,622.8769036,1040.272049
Meghalaya,2028,5,844.5182211,109.8550456,629.2062881,1059.830154
Meghalaya,2025,10,1159.275524,168.8941048,828.2491618,1490.301887
Meghalaya,2026,10,1179.132885,174.1824483,837.74156,1520.524211
Meghalaya,2027,10,1199.381081,179.6359891,847.3010121,1551.46115
Meghalaya,2028,10,1220.028297,185.2591346,856.9270656,1583.129529
Punjab,2025,50,388.7489,NA,308.3508,469.147
Meghalaya,2026,50,2247.996356,471.8274004,1323.231644,3172.761068
Meghalaya,2027,50,2290.631206,484.4873103,1341.053527,3240.208886
Meghalaya,2028,50,2334.133951,497.5148424,1359.022779,3309.245124
Meghalaya,2027,100,2901.874196,713.0700777,1504.282526,4299.465867
Nagaland,2025,5,116.0966468,NA,108.4985946,123.694699
Nagaland,2025,10,135.1049499,NA,123.0311278,147.1787719
Uttarakhand,2025,50,378.2696,NA,347.6837,408.8555
Uttarakhand,2025,100,412.3321,NA,377.1575,447.5068
Nagaland,2026,5,116.0966468,NA,108.4985946,123.694699
Nagaland,2026,10,135.1049499,NA,123.0311278,147.1787719
Nagaland,2026,50,186.5750826,NA,152.9889803,220.1611849
Uttarakhand,2026,100,412.3321,NA,377.1575,447.5068
Nagaland,2027,5,116.0966468,NA,108.4985946,123.694699
Nagaland,2027,10,135.1049499,NA,123.0311278,147.1787719
Nagaland,2027,50,186.5750826,NA,152.9889803,220.1611849
Nagaland,2027,100,213.0858536,NA,163.9256613,262.2460459
Nagaland,2028,5,116.0966468,NA,108.4985946,123.694699
Nagaland,2028,10,135.1049499,NA,123.0311278,147.1787719
Nagaland,2028,50,186.5750826,NA,152.9889803,220.1611849
Uttarakhand,2028,100,412.3321,NA,377.1575,447.5068
Manipur,2025,5,171.3284971,5.832280431,159.8974375,182.7595566
Manipur,2026,5,171.9251421,5.848340867,160.4626047,183.3876796
Manipur,2027,5,172.5217872,5.86459707,161.0273882,184.0161863
Manipur,2028,5,173.1184323,5.881047418,161.5917912,184.6450735
Manipur,2025,10,198.9644928,10.32435728,178.7291244,219.1998613
Manipur,2026,10,199.5611379,10.3313867,179.3119921,219.8102838
Manipur,2027,10,200.157783,10.33854733,179.8946026,220.4209634
Manipur,2028,10,200.7544281,10.3458389,180.4769565,221.0318998
Jammu Kashmir,2025,50,338.523,NA,270.5142,406.5317
Manipur,2026,50,295.9822402,40.16293484,217.2643343,374.700146
Manipur,2027,50,296.5788852,40.16126377,217.8642547,375.2935158
Manipur,2028,50,297.1755303,40.15962764,218.4641065,375.8869542
Jammu Kashmir,2025,100,391.1206,NA,290.9004,491.3408
Jammu Kashmir,2026,100,391.1206,NA,290.9004,491.3408
Manipur,2027,100,358.9632751,66.86878253,227.9028696,490.0236805
Jammu Kashmir,2028,100,391.1206,NA,290.9004,491.3408
Tripura,2025,5,258.7937121,12.04235371,235.1911325,282.3962916
Tripura,2026,5,259.201248,12.07911959,235.5266086,282.8758873
Tripura,2027,5,259.6087839,12.1163263,235.8612207,283.356347
Tripura,2028,5,260.0163197,12.15396976,236.1949767,283.8376627
Tripura,2025,10,313.3576576,19.45584018,275.2249116,351.4904037
Tripura,2026,10,313.7651935,19.47478211,275.595322,351.9350651
Tripura,2027,10,314.1727294,19.49404895,275.9650956,352.3803633
Tripura,2028,10,314.5802653,19.51363974,276.3342342,352.8262964
Haryana,2025,50,321.7913,NA,296.2107,347.3718
Tripura,2026,50,482.4930358,63.28728957,358.4522275,606.533844
Tripura,2027,50,482.9005717,63.28611301,358.8620694,606.9390739
Tripura,2028,50,483.3081075,63.28504217,359.2717041,607.344511
Manipur,2025,100,357.7699849,66.87467486,226.6980307,488.8419391
Manipur,2026,100,358.36663,66.87171825,227.3004706,489.4327893
Tripura,2027,100,581.0081235,99.00435753,386.9631484,775.0530985
Manipur,2028,100,359.5599202,66.86586771,228.5052276,490.6146127
Mizoram,2025,5,211.9551812,10.32207121,191.7242934,232.186069
Mizoram,2026,5,212.1547972,10.35630078,191.8568207,232.4527737
Mizoram,2027,5,212.3544132,10.39091944,191.9885853,232.7202411
Mizoram,2028,5,212.5540292,10.42592334,192.119595,232.9884635
Mizoram,2025,10,257.9484604,15.92831643,226.7295339,289.167387
Mizoram,2026,10,258.1480764,15.94367717,226.8990434,289.3971095
Mizoram,2027,10,258.3476925,15.95934987,227.0679415,289.6274434
Mizoram,2028,10,258.5473085,15.97533363,227.2362299,289.858387
Sikkim,2025,50,319.9198472,14.94850707,290.6213118,349.2183827
Mizoram,2026,50,397.4545904,48.97342018,301.4684506,493.4407301
Mizoram,2027,50,397.6542064,48.96548457,301.6836202,493.6247926
Mizoram,2028,50,397.8538224,48.95765419,301.8985834,493.8090614
Haryana,2025,100,350.3161,NA,320.9061,379.7261
Haryana,2026,100,350.3161,NA,320.9061,379.7261
Mizoram,2027,100,477.1566381,75.54010518,329.1007525,625.2125236
Haryana,2028,100,350.3161,NA,320.9061,379.7261
Dadra and Nagar Haveli and Daman and Diu,2025,5,295.7298949,11.79988966,272.6025362,318.8572537
Dadra and Nagar Haveli and Daman and Diu,2025,10,340.2192537,11.87778958,316.9392139,363.4992935
Puducherry,2025,50,314.5443316,NA,281.9833122,347.1053509
Puducherry,2025,100,350.295208,NA,312.8214931,387.7689229
Dadra and Nagar Haveli and Daman and Diu,2026,5,296.2305023,11.94900335,272.8108861,319.6501185
Dadra and Nagar Haveli and Daman and Diu,2026,10,340.719861,12.02536161,317.1505854,364.2891367
Dadra and Nagar Haveli and Daman and Diu,2026,50,438.6338701,12.46408217,414.2047179,463.0630223
Puducherry,2026,100,350.295208,NA,312.8214931,387.7689229
Dadra and Nagar Haveli and Daman and Diu,2027,5,296.7311096,12.09858475,273.0183192,320.4439
Dadra and Nagar Haveli and Daman and Diu,2027,10,341.2204684,12.17343605,317.3609721,365.0799646
Dadra and Nagar Haveli and Daman and Diu,2027,50,439.1344774,12.60619186,414.4267954,463.8421595
Dadra and Nagar Haveli and Daman and Diu,2027,100,480.5281458,12.81196129,455.4171631,505.6391285
Dadra and Nagar Haveli and Daman and Diu,2028,5,297.231717,12.24861673,273.2248693,321.2385646
Dadra and Nagar Haveli and Daman and Diu,2028,10,341.7210757,12.32199479,317.5704097,365.8717417
Dadra and Nagar Haveli and Daman and Diu,2028,50,439.6350848,12.7489054,414.6476894,464.6224802
Puducherry,2028,100,350.295208,NA,312.8214931,387.7689229
Manipur,2025,50,295.3855951,40.16464085,216.6643455,374.1068446
Sikkim,2025,100,347.9237906,16.67862015,315.2342958,380.6132854
Sikkim,2026,100,348.2666213,16.7297752,315.4768645,381.0563782
Sikkim,2028,100,348.9522828,16.83369526,315.9588463,381.9457192
Telangana,2025,5,302.3242473,11.74825942,279.298082,325.3504127
Telangana,2026,5,302.8879571,11.79433157,279.771492,326.0044222
Telangana,2027,5,303.4516668,11.84092087,280.2438884,326.6594453
Telangana,2028,5,304.0153766,11.88802123,280.7152831,327.31547
Telangana,2025,10,352.6914326,17.73427415,317.932894,387.4499712
Telangana,2026,10,353.2551423,17.76071776,318.4447752,388.0655095
Telangana,2027,10,353.8188521,17.78758565,318.9558248,388.6818793
Telangana,2028,10,354.3825618,17.81487589,319.4660467,389.2990769
Delhi,2025,50,187.2138,NA,169.1931,205.2346
Telangana,2026,50,498.4440008,51.85281426,396.8143524,600.0736493
Telangana,2027,50,499.0077106,51.85419411,397.3753577,600.6400635
Telangana,2028,50,499.5714203,51.85573294,397.9360513,601.2067893
Nagaland,2025,100,213.0858536,NA,163.9256613,262.2460459
Nagaland,2026,100,213.0858536,NA,163.9256613,262.2460459
Telangana,2027,100,578.2257871,78.38648369,424.5911022,731.860472
Nagaland,2028,100,213.0858536,NA,163.9256613,262.2460459
Puducherry,2025,5,191.5534152,NA,175.0677531,208.0390774
Puducherry,2025,10,229.977977,NA,208.7100093,251.2459446
Nagaland,2025,50,186.5750826,NA,152.9889803,220.1611849
Chandigarh,2025,100,207.4925332,12.24512835,183.4925226,231.4925437
Puducherry,2026,5,191.5534152,NA,175.0677531,208.0390774
Puducherry,2026,10,229.977977,NA,208.7100093,251.2459446
Puducherry,2026,50,314.5443316,NA,281.9833122,347.1053509
Delhi,2026,100,207.2529,NA,186.5335,227.9724
Puducherry,2027,5,191.5534152,NA,175.0677531,208.0390774
Puducherry,2027,10,229.977977,NA,208.7100093,251.2459446
Puducherry,2027,50,314.5443316,NA,281.9833122,347.1053509
Puducherry,2027,100,350.295208,NA,312.8214931,387.7689229
Puducherry,2028,5,191.5534152,NA,175.0677531,208.0390774
Puducherry,2028,10,229.977977,NA,208.7100093,251.2459446
Puducherry,2028,50,314.5443316,NA,281.9833122,347.1053509
Delhi,2028,100,207.2529,NA,186.5335,227.9724
Gujarat,2025,5,463.5177786,18.84472445,426.5827974,500.4527598
Gujarat,2025,10,522.0947131,21.34479316,480.2596873,563.929739
Chandigarh,2025,50,186.1358577,10.97052958,164.6340148,207.6377005
Delhi,2025,100,207.2529,NA,186.5335,227.9724
Gujarat,2026,5,464.3188762,18.99440396,427.0905286,501.5472239
Gujarat,2026,10,522.8958108,21.47875618,480.7982223,564.9933994
Gujarat,2026,50,651.8143357,28.3124848,596.3228852,707.3057862
Chandigarh,2026,100,207.2314522,12.28082929,183.1614691,231.3014354
Gujarat,2027,5,465.1199739,19.14514988,427.5961697,502.6437781
Gujarat,2027,10,523.6969085,21.61387005,481.3345016,566.0593153
Gujarat,2027,50,652.6154334,28.41810649,596.9169681,708.3138986
Gujarat,2027,100,707.1164258,31.62587682,645.1308462,769.1020053
Gujarat,2028,5,465.9210716,19.29693719,428.0997697,503.7423735
Gujarat,2028,10,524.4980061,21.75011332,481.8685674,567.1274449
Gujarat,2028,50,653.416531,28.52483824,597.5088754,709.3241866
Chandigarh,2028,100,206.7092904,12.35365184,182.4965777,230.9220031
Goa,2025,5,290.0827,9.879886,270.7184,309.4469
Goa,2025,10,321.392,11.38287,299.0819,343.702
Goa,2025,50,390.2988,15.41636,360.0833,420.5143
Goa,2025,100,419.4295,17.28623,385.5491,453.3099
Goa,2026,5,290.6629,9.949335,271.1625,310.1632
Goa,2026,10,321.9722,11.44452,299.5414,344.403
Goa,2026,50,390.879,15.46419,360.5698,421.1883
Goa,2026,100,420.0097,17.32977,386.044,453.9755
Goa,2027,5,291.2431,10.01931,271.6056,310.8806
Goa,2027,10,322.5524,11.50671,299.9997,345.1052
Goa,2027,50,391.4592,15.51253,361.0553,421.8632
Goa,2027,100,420.59,17.37378,386.538,454.642
Goa,2028,5,291.8234,10.0898,272.0477,311.599
Goa,2028,10,323.1327,11.56944,300.457,345.8084
Goa,2028,50,392.0395,15.56136,361.5398,422.5392
Goa,2028,100,421.1702,17.41827,387.031,455.3094
